{"loss": [1.4037610292434692, 0.4569701850414276, 0.27302929759025574, 0.19132377207279205, 0.14607533812522888, 0.11166081577539444, 0.09267366677522659, 0.07853721082210541, 0.07116588205099106, 0.059859879314899445], "accuracy": [0.5883917808532715, 0.8548972010612488, 0.9115868806838989, 0.9385020136833191, 0.9515897035598755, 0.9637954235076904, 0.9700405597686768, 0.9741802215576172, 0.9771960973739624, 0.9803542494773865], "val_loss": [0.5297748446464539, 0.32588255405426025, 0.2014266550540924, 0.23982436954975128, 0.1374940276145935, 0.1399538815021515, 0.13950984179973602, 0.1309552937746048, 0.20531919598579407, 0.13164570927619934], "val_accuracy": [0.8337126970291138, 0.8948326706886292, 0.9378556609153748, 0.925449550151825, 0.9561233520507812, 0.9571477174758911, 0.9574891924858093, 0.9609606266021729, 0.9469610452651978, 0.9624402523040771]}